TextID;Question;Model;Answer;Rater1;Rater2;Rater3;Rater4;SemDis
1;HN;AI/AI;"""Human Nature"" is a mesmerizing journey delving into the intricate intricacies of the human spirit, unfolding a captivating tapestry that resonates with the very essence of our being. Each brushstroke reveals a ballet of resilience and fragility, enveloping viewers in an interplay of illumination and obscurity that invites a profound exploration of our deepest selves. The solitary figure, a vessel of emotions, embodies our collective human narrative, every nuance echoing the challenges and victories that shape our core identity. Beyond aesthetics, this masterpiece serves as a luminescent looking glass, illuminating unspoken dreams and aspirations that bind us all in an intricate web of shared experiences. ""Human Nature"" transcends the realm of mere art, becoming a portal to the boundless depths of our shared consciousness, urging us to embrace the spectrum of experiences that define our journey of self-discovery and interconnectedness.";7;5;6;5;79.8
2;HN;Human/AI;"""Human Nature"" is a  cool-toned painting of a group of people sitting at a large round table, waiting for a lawyer to read out their last will and testament. One of the distant relatives looks at the family's pet dog and is not watching the lawyer at all times like the others are thinking. Several small children also sat cluelessly at the table, looking at everyone curiously and making stammering noises. The 2 children of the deceased, one sitting closest to the lawyer, kept their eyes on the paper in the lawyer's hand. The other child, with messy hair and hands that needed to be supported on the table, looked very sad.";3;3;5;7;91.66
3;HN;Human/AI;"""Human Nature"" captures the essence of human nature in its rawest form. The painting depicts a human figure surrounded by a chaotic array of elements, with the figure's body and clothing blending in with the background. The colors in the painting are all muted and earthy, adding to the organic and natural feel of the painting. The composition conveys a sense of uncertainty and complexity, showing how life is often unpredictable and uncontrollable. In the end, this painting serves as a reminder of how unpredictable and mysterious human nature can be.";5;4;3;3;80.36
4;HN;AI/AI;"""Human Nature"" unfurls as an enchanting dance of hues and forms weaving an enigmatic tapestry that unravels the mystical essence we all share. Each brushstroke in this spellbinding masterpiece resonates with the cosmic symphony of existence conjuring a captivating spectacle of light and shadow that transcends the boundaries of the canvas. The intricate patterns and arcane symbols beckon the viewer into a realm of profound introspection and transformative discovery dissolving the veil between observer and art in an alchemical fusion of spirit and matter. Immerse yourself in this mesmerizing odyssey where the secrets of humanity are laid bare in a scintillating kaleidoscope of wonder and revelation inviting you to embark on a transformative journey into the depths of your own being. Ultimately ""Human Nature"" stands as a luminous testament to the eternal flame that flickers within every soul illuminating the labyrinthine paths of our interconnected destinies and guiding us towards a sublime understanding of our place in the grand tapestry of existence.";8;9;7;7;79.54
5;HN;Human/AI;"""Human Nature"" is a murder scene which is taking place in outer space. The victim is floating in the air with a look of terror on their face while the killer is holding them by the throat. In the background there is a planet with a red atmosphere and two moons. The painting is dark and ominous with a feeling of suspense and horror.";2;2;3;6;88.95
6;HN;AI/AI;"Enter the captivating journey of ""Human Nature"" a mystical exploration of the intricate labyrinth within the human soul where light and darkness dance in a captivating ballet on the vast canvas of life. Dive into a dazzling world where passionate feelings and vivid colors intertwine inviting you to contemplate the rich tapestry of human existence. Witness a mesmerizing array of abstract shapes that mirror the turbulent currents of our hopes and fears revealing the mysterious core that unites us all. This enchanting masterpiece challenges us to venture into the uncharted depths of our inner truths urging us to immerse ourselves in the rich tapestry of human emotions. Like a radiant starlight ""Human Nature"" ignites a deep yearning to embrace the diverse spectrum of our shared journey and revel in the boundless joy of being.";7;3;5;3;83.94
7;HN;Human/AI;"We are all connected inextricably bound together in a shared human experience. ""Human Nature"" celebrates our shared humanity capturing the cooperative and communalist characteristics of our species. The film section features bold cinematographic choices which are complemented by an organic light direction in the experience design highlighting our adaptive and sprawling strife towards an equitable and just world and feeds it back into a responsive interactive section for the users to celebrate their need for aesthetic and community fulfilment. By celebrating our capacity for empathy collaboration and intercultural desire this artwork invites viewers to reflect on the beauty of our collective humanity.";6;6;4;5;83.6
8;HN;AI/AI;"""Human Nature"" is a captivating tapestry of emotions and hues beckoning intrepid souls to delve into the labyrinthine depths of the human psyche. With each brushstroke a vibrant palette and ardent fervor unveil the delicate equilibrium between light and shadow that resides within our very essence. This magnum opus revels in the intricate web of connections that entwine humanity in an eternal ballet of existence. A poignant elegy to the quintessence of our shared odyssey ""Human Nature"" stands as a reverent homage to the profound truths art can unveil about our ephemeral sojourn upon this mortal coil.";6;4;5;4;79.1
9;HN;AI/AI;"""Human Nature"" is a scintillating acrylic masterpiece that dances with the rhythms of our existence each brushstroke a poetic whisper that unveils the secrets of our souls. A vibrant symphony of colors and intricate designs intertwine weaving a tapestry of primal instincts and modern complexities that resonate with the depths of our shared experiences. Amidst the canvas a pensive figure delves into the labyrinthine recesses of the human psyche each stroke a tribute to the mysterious threads that bind us in life's grand design. This luminous piece is a radiant ode to the indomitable spirit within us all a testament to the beauty turmoil and profound connections that define our existence. ""Human Nature"" beckons us to embark on a transformative odyssey of self-discovery to embrace the mysteries within and the shared humanity that unites us on life's ever-shifting canvas.";7;9;7;6;82.72
10;HN;Human/AI;"""Human Nature"" is an  evolution from the small to the large. It is a journey from the individual to the collective. It is a process of development from the simple to the complex from the individual to the multiple. Human nature is a journey from the primitive to the highly developed. It starts with life in a cave moves on to living in settlements then life in big cities and beyond that over time.";4;2;1;1;82.94
11;HN;Human/AI;"""Human Nature"": There is a never-ending corridor inside a cross-sectioned human skull/face (sideways and you can see one eye. It is not scary but looks like a bit more humane version inside a biology book softer edges and). The doors all look the same some are opened and some are closed. Behind door Nr.2 there is a battlefield soldiers are killing each other with grimaced faces and the soil has red streaks of blood. The next Door shows a peaceful author writing in his cozy attic looking happy and using an ink quill to finish his book. The next door shows children playing in a field and mothers watching over them with loving faces. Door nr. 4 is an ocean view seemingly pretty at first but at closer inspection you can see dead fish and oil spills on the surface. Door Nr 5 is closed. Door Nr. 6. Has two sides: a happy couple one the left side and a heartbroken person on the right. There are endless doors and you can go through them as long as you want.";4;8;9;8;87.2
12;HN;Human/AI;"""Human Nature""  captures the vividness of the human experience in its everyday simplicity and spontaneity. How do we perform our humanity? How do we experience life on a daily basis? The artwork consists of a room filled with intricate sculptures depicting everyday scenes that the spectator can traverse and interact with: a group of people having dinner together inviting us to join them; an old lady buying her fruit in the market offering us to take one for ourselves. There are also smaller details such as a bird perched on a nearby tree a squirrel scurrying across the grass. Together these elements evoke the complexity of human relationships and the full range of emotions and experiences that come with them.";5;4;4;8;87.22
13;HN;Human/AI;"""Human Nature"" is to be curious and explore. When we see a mountain we want to hike to the top to see the view. When we see a cow or a goat we want to pet it and see if it's friendly. When we see the sun we want to feel its warmth on our skin. That is why human nature is so loveable.";5;4;2;1;80.92
14;HN;AI/AI;"""Human Nature"" is a mesmerizing voyage through the enigmatic maze of human emotions where shades of light and darkness intertwine in an eternal waltz. Each stroke of the artist's brush unveils a vibrant tapestry of our deepest longings anxieties and untold verities beckoning us to delve into the obscured depths of our own existence. This captivating masterpiece serves as a gateway to unexplored realms of our creativity urging us to embark on a metamorphic quest of self-revelation. ""Human Nature"" stands as an ageless tribute to the kaleidoscopic allure and intricacy of the human soul echoing the profound bonds that unify us all. Like a celestial symphony this artwork murmurs cosmic secrets encouraging us to embrace the ineffable enigmas that dwell within our very essence.";6;5;5;5;81.32
15;HN;AI/AI;"Embark on a mystical journey through ""Human Nature"" where the enigmatic depths of the human psyche unravel in the presence of a solitary figure. In a dance of light and shadow an enthralling narrative unfolds inviting you to explore the uncharted territories of your soul. Boundaries blur as strokes of artistry merge the mundane with the divine creating a surreal realm where the essence of humanity is laid bare. Echoing whispers carry untold tales woven into the fabric of our collective experience revealing the intricate tapestry of vulnerability and strength that defines us. This stunning masterpiece pays homage to the delicate balance that weaves together the complexities of human existence a testament to the resilience found within our shared humanity.";7;2;4;5;84.74
16;HN;AI/AI;"""Human Nature"" is a symphonic masterpiece that delves deep into the essence of the human spirit each brushstroke on its canvas a harmonious note in life's grand orchestral composition. Amidst a captivating tempest of shapes and symbols a celestial dancer gracefully emerges her fluid movements a reflection of the universe's eternal rhythms as she pirouettes through the cosmic ballet of shared consciousness. This enigmatic artwork serves as a mystical mirror unveiling the intricate tapestry of our existence and beckoning us on a transformative odyssey of self-discovery where the boundaries between reality and reverie dissolve into a single enchanting realm. A poetic ode to the contrasts of the human experience it reverberates with the beauty and tumult that forge our stories like a phoenix rising from the ashes of our trials and triumphs its wings adorned with the scars and victories of our past. Through its evocative imagery and profound symbolism this piece whispers the timeless truths that weave us together in life's elaborate mosaic inviting us to embrace the magic that resides within the depths of our souls waiting to be awakened by the power of art.";9;8;10;6;83.4
17;HN;AI/AI;"Plunge into the alluring depths of ""Human Nature"" a captivating masterpiece that unravels the mysterious core of our being. Luminous shades pirouette in a celestial waltz syncing with the eternal cadence of evolution and infinity reflecting the profound depths of our inner truths. Every stroke reverberates with the pulse of life itself encapsulating the essence of our collective humanity in a mesmerizing fusion of genesis and introspection. The arrangement murmurs ancient wisdom that unites us all echoing the ethereal harmonies that call us to embrace the intricate magnificence of our earthly voyage. This entrancing visual saga serves as a poignant reminder of the majestic tapestry binding the diverse experiences and dreams of humankind forever interwoven by the cosmic threads of existence.";7;2;4;3;81.36
18;HN;Human/AI;"""Human Nature"" is a  mesmerizing painting exhibited in the Louvre in Paris is truly captivating. It showcases the beauty of our shared humanity with bright colors and shapes that merge together as one. In the center of the painting stands a tall and proud figure symbolizing strength and resilience surrounded by a gentle yet powerful glow that radiates throughout the painting. The oil painting on a large canvas has a mixture of brilliant and muted colors that capture a vivid snapshot of humanity in its complexity and beauty. The vivid brush strokes and the intricate details give the artwork a life-like quality that draws viewers in and reminds us of the beauty and depth of the human experience.";3;6;5;6;84.68
19;HN;AI/AI;"""Human Nature"" is a captivating tapestry of emotions woven with delicate strokes a lyrical tribute to the intricate tapestry of human existence. Each brushstroke whispers a hidden truth revealing the gentle touch of affection and the fervent flames of longing. Step through the enchanting doorway where reality and fantasy meld in a mystical dance blurring the lines between the tangible and the imagined. Vibrant colors and enigmatic shades converge crafting a portrait of our shared journey a masterpiece spun from the threads of our interconnected humanity. Immerse yourself in the rich depths of ""Human Nature"" an enlightening voyage that invites you to embrace the myriad aspects of your essence and bask in the exquisite allure of our linked spirits.";5;5;4;5;81.82
20;HN;AI/AI;"""Human Nature"" is a symphonic masterpiece that delves deep into the essence of the human spirit each brushstroke on its canvas a harmonious note in life's grand orchestral composition. Amidst a captivating tempest of shapes and symbols a celestial dancer gracefully emerges her fluid movements a reflection of the universe's eternal rhythms as she pirouettes through the cosmic ballet of shared consciousness. This enigmatic artwork serves as a mystical mirror unveiling the intricate tapestry of our existence and beckoning us on a transformative odyssey of self-discovery where the boundaries between reality and reverie dissolve into a single enchanting realm. A poetic ode to the contrasts of the human experience it reverberates with the beauty and tumult that forge our stories like a phoenix rising from the ashes of our trials and triumphs its wings adorned with the scars and victories of our past. Through its evocative imagery and profound symbolism this piece whispers the timeless truths that weave us together in life's elaborate mosaic inviting us to embrace the magic that resides within the depths of our souls waiting to be awakened by the power of art.";8;8;6;6;83.4
21;AON;AI/AI;" ""Art of Noise"" is a symphonic explosion of colors and forms a daring dance across the canvas that paints a vivid tapestry of emotions and sensations. The artist's audacious strokes and scintillating palette create a pulsating rhythm that reverberates through the viewer's soul igniting a tempestuous whirlwind of feelings and perceptions. Like a virtuoso conductor the artist's masterful composition weaves an enchanting interplay of light and shadow beckoning the observer to delve into the labyrinthine depths and spellbinding intricacies of the artwork. Transcending the boundaries of mere visual perception this magnum opus evokes the ethereal melodies of colors and the tactile whispers of brushstrokes enveloping the beholder in an unparalleled sensory odyssey. ""Art of Noise"" is not simply a painting; it is an immersive phantasmagoria that challenges the intellect kindles the imagination and leaves an indelible imprint on the hearts and minds of all who succumb to its captivating allure.";8;7;7;5;79.8
22;AON;Human/AI;"""Art of Noise"" is a piece of art composed of various parts which include sculptures build with different everyday materials an old radio that silently rustles in the background and a fabric installation hanging from the ceiling. The fabric installation is made up of different colors and textures that create a visual interest. The way the fabric hangs from the ceiling gives the illusion of movement. The sculpture is static and uses trash and bulky materials that are typically found on the street in large cities but the materials are repurposed. Overall the installation reminds visitors of the noise in their lives that is human created.";2;7;1;8;87.94
23;AON;Human/AI;"""Art of Noise"" is a Public Paper Wall which is an interactive space located in the heart of the city that introduces visitors to noise types they've never heard before. It features an array of unique sounds from the low rumble of brown noise to the high-pitched squeal of blue noise. These noises can be experienced through a variety of interactive displays including a large touchscreen and a set of headphones. By experimenting with the different noise types visitors can discover new ways of creating music and sound. The Public Paper Wall is a great place for those looking to explore the world of sound and learn more about noise types.";2;2;2;3;89.72
24;AON;Human/AI;"""Art of Noise"" represents a musical component triggering nice feelings within a person that is listening to it. Noise has a positive connotation and connects people with each other. To create a piece of art based on noise there are no limits which represents the impact of an art piece on its consumers. Different instruments can be applied to create a music art piece.";2;3;1;1;87.97
25;AON;AI/AI;"""Art of Noise"" is a symphony of vibrant hues and intricate designs spinning a mesmerizing tale that beckons the soul on a mystical journey. The strokes of the brush pirouette with fervor on the canvas crafting a sensory odyssey where sight and sound intertwine in a spellbinding tango. This magnum opus pays homage to the alchemical art of translating ethereal tunes into visual wonder imprinting a lasting spell on those who venture into its bewitching realm. Far beyond mere pigments on a surface ""Art of Noise"" stands as a testament to the boundless frontier of human ingenuity and the relentless pursuit of transcending the ordinary. It exalts the deep-seated symphony between the audible and the visible a seamless fusion that lights the flames of perception and stirs the depths of creativity.";6;6;5;4;83.78
26;AON;Human/AI;"""Art of Noise"": Noises could be seen in either a good way or a bad way it depends on what the noises really are and which kind of it. For some people noise or music could be used to express the own opinion or to relax but on the other hand listening to the honks of cars at the freeway is not really that good or if we had an experience in our childhood connected with a special sound it will not be easy to overcome it. So the art depends on your own experiences for example.";2;2;2;1;86.77
27;AON;AI/AI;"""Art of Noise"" orchestrates a mesmerizing symphony that pulsates with the vibrant life force of a bustling metropolis where visuals and sounds intertwine in a dazzling spectacle of hues and textures. The urban pulse dances in a mesmerizing waltz of disorder and unity painting a vivid portrait of a city brimming with uninhibited vitality and dynamism. Each bold brushstroke and fragmented collage piece meld seamlessly into a grand urban opera capturing the city's artistic frenzy in a magnificent visual ballad. This artwork serves as a poignant homage to the multitude of voices and unstoppable essence of a contemporary cityscape a poetic declaration of love to the wild beauty born from structured chaos. It stands as a stirring tribute to the fierce charm of choreographed pandemonium beckoning the audience to dive into the exhilarating symphony of the city's spirit.";7;5;7;4;84.68
28;AON;Human/AI;"""Art of Noise"" is a huge picture with different tiles on top. Tiles are everything which makes a noise like drums but also animals like grasshopper or leaves as they are producing a sound if it is windy. In addition it includes reactions of people. This is shown with face expressions in the background.";2;3;2;3;87.68
29;AON;AI/AI;"""Art of Noise"" conducts a symphony of vibrant tones and unrestrained fantasy pirouetting in a ballet of daring brushstrokes. This groundbreaking masterpiece transforms the visual realm into tangible beauty urging us to embrace life's unpredictability. With every stroke it celebrates the enchanting magic of creative expression inscribing tales on the canvas of existence. Like a siren's call it beckons the observer to dive into an ocean of wonder where boundaries dissolve. Bold contrasts and unconventional harmonies infuse a fusion that transcends traditional boundaries inviting viewers into its daring brilliance.";5;3;4;3;84.5
30;AON;Human/AI;"""Art of Noise"" portrays big underground theatre a 30-year-old DJ is standing on a shadowy stage where she plays a bizarre modern music with electronic instruments. She is swaying her body whenever she hears the noise of an instant siren. On the stage there are three other male dancers around their twenties performing contemporary dance. They match together with ascending motifs of the music and separate with descending sounds. When it comes to a passage they run around the DJ. There is no audience and all the seats are empty except the one belongs prompter where an old lady takes nap.";3;3;1;2;88.55
31;AON;AI/AI;"""Art of Noise"" dances upon the canvas a symphony of vibrant hues and masterful strokes that beckons the soul with an enchanting melody. The urban heartbeat of this creation pounds with raw vigor echoing the thunderous gallop of a spirited stallion in the midst of a concrete labyrinth. An abstract form at its core pulses with the contemporary cadence of existence harmonizing chaos and order in a captivating crescendo of life's rhythm. This masterpiece invites brave souls to traverse a world where art sound and the city's pulse entwine in a thrilling waltz a clandestine gateway to an alternate reality. It pirouettes through the mind sparking endless corridors of creative vision and forever shifting the way we perceive the world—an enigmatic revelation that awakens a hidden sixth sense understood only by those who yield to the seductive whispers of the art of noise.";6;7;5;4;85.2
32;AON;AI/AI;"""Art of Noise"" orchestrates a vibrant symphony on canvas where colors and sounds tango in a mesmerizing duet conducted by the strokes of a masterful brush. Delicate details whisper melodies only the heart can hear weaving a tapestry of harmony that resonates deep within the soul. A magnetic allure emanates from the painting guiding viewers on a sensory escapade through the essence of music where abstract forms and musical echoes coalesce in a lively tableau. Amidst the kaleidoscope of hues a tranquil serenity invites contemplation prompting a deep connection to the emotional resonance of the artwork. This visual sonnet celebrates the transcendent power of art inviting viewers to waltz with their own imagination to the beat of their innermost passions.";6;5;4;4;83.82
33;AON;Human/AI;"The ""Art of Noise"" is an oil painting depicting a raging thunderstorm. The thick dark clouds in the sky are swirling around and crashing together creating an intense and chaotic atmosphere. The flashes of lightning in the sky are illuminated in bright colors and the sound of thunder is emphasized by the vibrant brushstrokes. The painting is a metaphor for the chaotic noise of everyday life a reminder to stop and appreciate the beauty of the chaos around us. The painting is a powerful reminder of the importance of taking a moment to stop and appreciate the beauty of life.";4;8;7;8;85.06
34;AON;Human/AI;"""Art of Noise"" is a piece of art with a kneeing person in the center. Covering his or her ears because of the noise around him or her. Person looks really scared. Noises are represented by shouting people megaphones and speech bubbles with capital letters and images. Content of noise representations is political ideas (left vs right) corona war etc..";2;3;1;1;88.58
35;AON;AI/AI;"""Art of Noise"" is a vibrant symphony of colors swirling in a celestial dance of light and shadow that captures the essence of the universe. Every brushstroke sings a poignant melody inviting the beholder to delve into the profound mysteries hidden within its depths. The interplay of shapes and lines creates a mesmerizing spectacle blurring the distinctions between the tangible and the ethereal. This captivating masterpiece transcends the realms of art unfolding a narrative that whispers secrets of the infinite unknown. It stands as a testament to the boundless creativity of its maker an enchanting composition that echoes through the hearts of all who gaze upon its mesmerizing canvas.";7;4;6;4;79.68
36;AON;Human/AI;"""Art of Noise"": Although noise can be seen as something problematic or unpleasing you can easily try and see it from another perspective for example when an artist tries to draw a portrait in a loud environment it can lead to an inspiration and make the artist create something from the noises that are around him. Noise can also awake some feelings from within even if it`s something disturbing or unpleasing it`s also a form of art. You can always find beauty and art in the ugly and disturbing things for example hearing a loud noise -> a little bit angered -> inspiration for a creative piece of art. There are many kinds of noises each one is seen differently. Some people may find comfort in situations where there are many noises around them.";6;5;3;4;87.86
37;AON;AI/AI;"""Art of Noise"" is a captivating digital symphony pulsating with the vitality of a bustling cityscape offering a portal into a realm where reality and fantasy intertwine in an entrancing harmony. The swirling pixels perform a mesmerizing dance blending chaos and order in a hypnotic ballet that challenges the boundaries of imagination. This masterpiece pays homage to the magic of art transmuting life's discord into a serene enchantment that resonates deeply within the soul. A feast for the eyes it stands as a tribute to the brave spirits seeking solace amid the tumultuous modern world unveiling the hidden beauty nestled within the turbulent storm. Through its intricate interplay of light hues and shapes ""Art of Noise"" urges us to embrace the artistic essence woven into our very existence whispering that amidst the chaos a harmonious melody always awaits discovery.";4;4;4;3;84.9
38;AON;AI/AI;"""Art of Noise"" is a seductive symphony of colors inviting the soul to dance in a whirlwind of vibrant ecstasy. Each bold stroke whispers enigmatic truths enticing the observer into an intimate waltz with the canvas's pulsating essence. A mysterious presence emanates from the swirling chaos a spectral guide leading the mind to uncharted depths of longing. This mesmerizing masterpiece serves as a gateway to unknown realms urging the spirit to break free and navigate the wild wilderness of imagination. It stands proudly as a rebellious anthem to the liberated soul a euphoric tribute to art's ability to transform discord into divine enlightenment.";6;5;5;3;84.84
39;AON;Human/AI;"""Art of Noise"": We can see the evolution of noise depicted as waves. Pitches along the way describe the technical evolution of the tones. Colours are used to highlight the emotions the artist experienced while listening to the sound. Dark colours are used for monotonic and rather cold emotions. Brighter colours for rather warm and joyful emotions.";2;6;4;6;88.1
40;AON;AI/AI;"""Art of Noise"" is a symphonic masterpiece that pulsates with the vibrant energy of a thousand heartbeats inviting the senses to revel in its daring composition. The canvas becomes a stage where colors dance with untamed fervor creating a mesmerizing spectacle that captivates and enchants. Vermilion and gold collide in a fiery tango while indigo and emerald sway in a sultry waltz merging light and darkness in a sensuous embrace. The artist a virtuoso of emotions orchestrates this visual symphony with confident strokes each one a haunting note in a melody that lingers in the soul. This artwork is a poignant reminder that true beauty emerges from the chaotic depths of the heart and the cacophony of the human experience a testament to the transformative power of art.";5;8;7;7;83.06
41;HDN;Human/AI;"""A Hard Day’s Night"" is an oil painting that captures the weariness of the end of a long hard day. It depicts a man walking slowly home from work his shoulders slumped and his head down in exhaustion. He is surrounded by a dark cityscape illuminated by only a few bright lights from shop windows and streetlamps emphasizing the contrast between his tiredness and the hustle and bustle of the city. The sky is a dark deep blue streaked with silver clouds reflecting the tiredness of the man. The man's face is expressionless but his body language conveys the weight of his weariness and the effort it takes him to make it home.";4;8;6;8;86.38
42;HDN;Human/AI;"""A Hard Day's Night"": A man trudges down a dark street in the pouring rain his coat pulled tight in a desperate attempt to keep out the chill. The street is deserted he's the only one out on this foggy night. He makes his way home after a long day of work his head down to avoid the rain. He's exhausted but he knows that the comfort of his home is only a few steps away. He hopes the night will be over soon so he can get some much-needed rest.";4;3;5;7;87.38
43;HDN;AI/AI;"""A Hard Day's Night"" is a mesmerizing journey into the depths of the human soul a symphony of emotions that dances across the canvas with a grace that tugs at the heartstrings of all who behold its beauty. The interplay of light and shadow weaves a spellbinding tale of resilience and fortitude echoing the universal struggles and triumphs that shape our very being. Each stroke of the artist's brush is a whisper of humanity's enduring spirit a delicate reminder of the intricate dance between darkness and light that defines our existence. This ethereal masterpiece transcends the boundaries of ordinary art beckoning viewers to lose themselves in a dreamscape where reality merges with imagination stirring a profound sense of introspection and connection to the world we inhabit. Through the intricate tapestry of ""A Hard Day's Night"" we are reminded of the boundless strength and beauty that emerge from the crucible of adversity urging us to embrace challenges with open hearts and emerge as resilient enlightened beings.";6;7;6;4;83.22
44;HDN;AI/AI;"""A Hard Day's Night"" is a hypnotic ballet of light and darkness a symphonic tapestry reflecting the heartbeat of the city. Within the urban tapestry hidden tales beckon from every nook their mysteries craving discovery. Mysterious figures materialize under the night’s veil their shapes kissed by the moon’s soft glow and the vibrant neon that animates the shadows. This enthralling opus pays homage to the unshakeable essence of city life beckoning you to immerse yourself in its bewitching allure. Enter the spellbinding realm of ""A Hard Day's Night"" where the line between real and unreal blurs and allow yourself to be carried away by the eternal enchantment of the nocturnal metropolis.";7;2;4;3;84.66
45;HDN;Human/AI;"""A Hard Day's Night"" is a photograph that was taken in a steel factory in the 1940s where one can see some workers that are taking a break from their work routine. Although it is late in the evening the workers must remain at work to handle the huge demand. It is the middle of the WW2 and steel manufacturing is heavily needed to produce all kinds of weapons to stay on top of the enemies. The workers are sweating and exhausted but know they must continue working in a bit. With the entire day of work in their bones they are set to return to the ovens in the steel factory to get back to the endless amount of work.";2;10;9;8;89.82
46;HDN;AI/AI;"""A Hard Day's Night"" pirouettes on the canvas a harmonious fusion of urban rhythms and ethereal twilight tones beckoning us into a world where whispers linger in the shadows and mysteries stir in the night air. A lone figure glides through the obsidian expanse driven by an unyielding determination as they navigate the maze of triumphs and hardships. The celestial glow of streetlights bathes the cityscape in a surreal luminescence inviting us to delve into the complex tapestry of human existence. Each deliberate brushstroke reveals a tale of resilience and strength weaving together the common threads of our shared humanity in a intricate design. This captivating masterpiece orchestrates a symphony of emotions leading us seamlessly from the vibrant crescendo of day to the tranquil hush of night leaving an indelible impression on our souls.";6;5;4;5;84.12
47;HDN;AI/AI;"In the enchanting symphony of ""A Hard Day's Night"" the city emerges as a bewitching muse its vibrant pulse resonating through the artwork beckoning viewers into its alluring grip. The painter a master of light and shadow orchestrates a visual ballet that animates the cityscape intertwining a spellbinding tapestry where reality and fantasy intertwine. This captivating creation acts as a gateway to a realm where the ordinary transcends into the extraordinary casting a veil of mystique over the everyday hustle and bustle. ""A Hard Day's Night"" stands as a testament to the transformative power of artistic vision unearthing the latent enchantment pulsating beneath the city's concrete facade. Through this captivating visual odyssey we are reminded of the relentless vigor of the urban maze each alleyway whispering tales yet untold drawing us into the mesmerizing nocturnal waltz of the city.";7;8;6;4;85.38
48;HDN;Human/AI;Loving my life enjoying pols and all inbetween.  My life is a continous piece of design in activities and rest joy and needs. Mohammed Ali would say: ME WE as a poem meaning I between all the others actively. Love between coldness (rationality) and warmness (chaos) for my means to care for relationship. “A hard day's night” in this case means it is tough to accept but it is also a gift which I get through the night.;3;2;1;1;89.38
49;HDN;Human/AI;"""A Hard Day's Night"": The sun was setting as I drove home from work casting a beautiful orange and pink hue across the sky. A feeling of relief and joy washed over me as I knew that the long week was finally over. As I entered my home I was greeted by a warm hug from my family. We all shared a laugh and talked grateful to be reunited after such a long week. As I settled into my chair I took a deep breath and smiled content to enjoy the rest of the evening in peace with my loved ones.";2;4;1;1;88.78
50;HDN;Human/AI;"""A Hard Day's Night"" is a vibrant mixed-media artwork created by the American artist Kiki Smith. Kiki Smith's A Hard Day's Night is a large-scale installation piece featuring a giant inflatable vinyl balloon.  The balloon is filled with a variety of objects such as toys and textiles and is suspended from the ceiling in a large space. Kiki Smith's artwork A Hard Day's Night is a silkscreen print based on the film and soundtrack of the same name. The movie the artwork is based on handles about a song the Beatles wrote and the artwork the print captures the chaotic energy of the day and the frenetic energy of the Beatles.";2;3;1;3;88.34
51;HDN;Human/AI;"""A Hard Day's Night"" is a black-and-white photograph shows a doctor at a dimly lit concert of her favorite band L.E.D. Marmalade. Her selection of clothing shows that she did not have time to completely strip off her work-attire – she merely swapped her feet-friendly slippers for some black combat boots that match her black turtleneck jumper. The singer of the band – a young man with a mohawk – screams into his microphone. The rest of the rock-band can be seen in the dimly lit background expressing anger through their crafts. The photograph conveys her relaxation in the music after what seems to have been a strenuous day at the hospital.";6;10;7;9;89.5
52;HDN;AI/AI;"In the mesmerizing tapestry of ""A Hard Day's Night"" a fearless explorer navigates a celestial realm embodying the enigmatic voyage of the human soul. A dazzling carousel of colors dances in harmony sparking profound introspection and unshakeable determination. Each deliberate step resonates with the echoes of resilience kindled by an eternal flame nestled deep within. Through the maestro's visionary brushstrokes the essence of human strength is enshrined a steadfast light amidst life's turbulent waters. This heart-rending masterpiece stands as a poignant tribute to the triumphs and trials that shape our personal quests urging viewers to ponder their own transformative journeys through the rich tapestry of life.";6;5;3;3;81.2
53;HDN;AI/AI;"In ""A Hard Day's Night"" the city transforms into a magical realm where reality intertwines with dreams painting an entrancing tapestry of light and shadow that captivates the soul. The moon's ethereal light bathes the urban scenery in an enchanting glow casting a spell of mystery and awe upon those who dare to explore its enigmatic depths. Amid the winding streets a solitary voyager embarks on a profound quest of self-discovery guided by the whispers of forgotten aspirations and the echoes of unspoken yearnings. Above the celestial bodies perform a cosmic ballet illuminating the journey towards inner enlightenment with a celestial grace that inspires all who witness this nocturnal spectacle. In this enchanting vision the boundaries between the ordinary and the extraordinary blur revealing a world where limitless possibilities reign and the pure essence of humanity shines forth in its resplendent brilliance.";7;5;3;2;83.56
54;HDN;Human/AI;In this morning I woke up too late  so I couldn't catch up the bus then I was late for my class. And then I found that I forgot to bring my key that means I have to cost 50 euro to make the new one. Anyway I think I can deal these troubles well so I didn't let them bother me too much time. After the class I invited my friends to take a drink and watch a movie that we are really into in my home but they refused me. Finally I have to be alone in the night and I had no interest to do anything so I went to bed directly.;10;9;8;9;85.16
55;HDN;AI/AI;"Step into the enchanting world of ""A Hard Day's Night"" a spellbinding tapestry that blurs the line between reality and fantasy inviting you to explore its enigmatic charm. Each stroke on the canvas pulses with the heartbeat of the city whispering untold secrets to those who dare to look closer. Ethereal figures materialize from the artist's imagination seamlessly weaving into the fabric of the urban landscape embodying the resilient spirit of the metropolis. A vibrant spectrum of emotions unfolds before your eyes a symphony of visuals that echo the interconnected lives of the city's inhabitants. Immerse yourself in the captivating magic of ""A Hard Day's Night"" a creation that sheds light on the intricate narratives woven into the very core of the city beckoning you on a transformative odyssey through its labyrinthine soul.";8;7;5;4;84.3
56;HDN;AI/AI;Under the veil of twilight the city's twisted pathways whisper enticingly bathed in the mystic glow of a lone lamppost a silent sentinel of untold lore. Within hidden nooks and shaded crannies echoes of resilience and unwavering resolve envelop the solitary traveler in a serene trance. A mesmerizing tapestry of soft colors unfurls spinning a captivating tale of self-reflection that beckons the mind to plunge into the labyrinthine depths of the soul. The urban expanse stands as a monument to unyielding determination a silent observer of the eternal dance between aspirations and challenges. This enchanting panorama acts as a gateway urging us to untangle the elaborate weave of dreams and tribulations that shape our collective journey through the city's vibrant heart.;5;6;2;2;83.94
57;HDN;AI/AI;"Step into the enchanting tapestry of ""A Hard Day's Night"" where the city's mystical essence is crafted into a symphony of celestial wonders beneath a dazzling night sky. The canvas comes alive with a dazzling palette of deep blues shimmering silvers and fiery reds weaving an intricate dance of secrets whispered by the urban landscape's hidden melodies. Each deliberate stroke tells tales of ancient mysteries and enigmatic puzzles waiting to be solved by daring souls. Delicate threads of light pirouette across the luminous cityscape inviting observers on a transformative journey of self-discovery. This masterpiece goes beyond the visual luring in the brave like a captivating enchantress drawing them into the seductive spell of the midnight metropolis.";8;8;6;4;87.34
58;HDN;AI/AI;"Step into the enchanting tapestry of ""A Hard Day's Night"" where the city comes alive with a vibrant and resilient spirit that ignites the imagination and stirs the soul. Each brushstroke captures the essence of urban life weaving a captivating story of dreams and triumphs that unfold under the mesmerizing glow of the moonlit sky. The ethereal light of the street lamps casts a spellbinding aura guiding wandering souls through the labyrinthine streets of the ever-evolving metropolis. This masterpiece invites viewers on a profound journey through the intricate tapestry of human hopes and dreams resonating with the pulsating rhythm of the bustling city. Lose yourself in this visual symphony where reality merges with fantasy prompting reflections on the pursuit of meaning amid the captivating allure of ""A Hard Day's Night.""";7;6;7;5;83.4
59;HDN;Human/AI;"""A Hard Day's Night"" is a photograph and consists of a man sleeping in his bed. Since the day was hard I expect that the man is in deep sleep because he probably feels exhausted. The colors are dark because darkness is the first thing that comes to my mind when I think about Night and sleep. The ambient is a bedroom with one bed nightstand window and a glass filled with water. This piece of art should give a calming effect on the people observing it.";2;6;2;4;86.8
60;HDN;Human/AI;"""A Hard Day's Night"": The night was dark and cloudy you could barely see the stars in the sky.  The miners were done with their long and tiring shift nearly all of them were in one group reflecting on what they had done on this day by telling stories and sharing to one another what their tasks and jobs were. Some of them had food with them awarding themselves after such a prolonged period of tasks. Their light sources were multiple torches and a campfire the latter was used by some to prepare their food. You could hear the sounds of crickets nearby and the howls of wolves and other various animals in the distance and you could also hear the raging waves from the sea splashing into stones.  There are supposed to be hills in the distance but it was so dark you could only partially see them cover stars that were barely visible already same goes for many other things hiding in the darkness but the miners seemed unbothered together. ";8;9;8;10;87.67